time,snowfraction,wind_speed,temperature,precipitation_probability,convective_precipitation,rainspot,pictocode,felttemperature,precipitation,is_daylight,uvindex,humidity,pressure,wind_direction,totalcloudcover,fog_probability,highclouds,lowclouds,visibility,midclouds,sunshinetime,hour,month,ghi_clearsky,dni_clearsky,dhi_clearsky,ghi,dni,dhi,gti,module_temperature,power_physics
2025-04-25 02:00:00+02:00,0.0,1.46,15.33,6,0.0,0000000000000000000000000000000000000000000000000,15,15.49,0.0,0,0,89,1009.5,239,21,0,73,5,10260,5,0,2,4,0.0,0.0,0.0,0.0,0.0,0.0,0.0,15.33,0.0
2025-04-25 03:00:00+02:00,0.0,0.99,15.01,6,0.0,0000000000000000000000000000000000000000000000000,14,15.47,0.0,0,0,91,1009.37,251,11,0,39,0,10860,0,0,3,4,0.0,0.0,0.0,0.0,0.0,0.0,0.0,15.01,0.0
2025-04-25 04:00:00+02:00,0.0,0.28,14.78,0,0.0,0000000000000000000000000000000000000000000000000,5,15.66,0.0,0,0,91,1009.24,256,14,0,14,14,11060,14,0,4,4,0.0,0.0,0.0,0.0,0.0,0.0,0.0,14.78,0.0
2025-04-25 05:00:00+02:00,0.0,1.1,14.05,0,0.0,0000000000000000000000000000000000000000000000000,4,14.18,0.0,0,0,92,1009.28,112,33,0,3,33,11010,33,0,5,4,0.0,0.0,0.0,0.0,0.0,0.0,0.0,14.05,0.0
2025-04-25 06:00:00+02:00,0.0,1.54,13.52,0,0.0,0000090000000000000000000000000000000000000000000,13,13.11,0.0,0,0,91,1009.32,127,9,85,1,9,10760,9,0,6,4,1.5685089736377138,7.782437046574792,1.3605449097364155,1.4273431660103195,7.0820177123830605,1.2380958678601381,1.2115226250545708,13.558038030441887,0.0
2025-04-25 07:00:00+02:00,0.0,1.4,13.21,0,0.0,0000090000000000000000000000000000000000000000000,16,12.74,0.0,0,0,90,1009.36,133,58,85,0,58,10360,22,0,7,4,135.57206916924653,401.66691267779663,49.48258161162414,56.94026905108355,168.70010332467461,20.78268427688214,47.479534946216305,14.711968228493795,0.0
2025-04-25 08:00:00+02:00,0.0,1.53,13.11,0,0.0,0000090000000000000000000000000000000000000000000,16,12.55,0.0,1,0,90,1009.66,128,67,85,0,67,9830,24,3,8,4,336.97349874664536,641.6044837841129,79.24432420406328,111.20125458639295,211.7294796487572,26.15062698734088,109.09079083219339,16.536951128230747,6.379973380853011
2025-04-25 09:00:00+02:00,0.0,1.42,13.27,0,0.0,0000000000000000000000000000000000000000000000000,19,12.94,0.0,1,0,92,1009.95,129,85,0,0,85,10620,37,5,9,4,529.9543546065859,755.8424513429625,97.36928790218491,79.4931531909879,113.3763677014444,14.605393185327738,83.06373704492644,15.894815423715865,4.865765003410931
2025-04-25 10:00:00+02:00,0.0,1.6,14.14,0,0.0,0000000000000000000000000000000000000000000000000,22,13.82,0.0,1,0,90,1010.25,139,90,0,0,90,13420,47,2,10,4,692.9069023945492,816.4484036991164,109.71345938727018,69.2906902394549,81.64484036991162,10.971345938727016,74.66754288695928,16.476784492908244,4.367461718230606
2025-04-25 11:00:00+02:00,0.0,1.03,15.37,0,0.0,0000009000000000000000000000000000000000000000000,4,15.5,0.0,1,1,84,1010.4,173,36,0,0,36,13620,36,36,11,4,812.508915890811,849.3123295246645,117.84761247936035,520.005706170119,543.5598908957853,75.42247198679063,569.3985325858099,33.744660281597326,31.8424447887862
2025-04-25 12:00:00+02:00,0.0,1.33,16.81,0,0.0,0000009000000000000000000000000000000000000000000,7,16.73,0.0,1,2,76,1010.56,274,49,0,0,49,12620,27,28,12,4,879.8126580801325,864.8033089105935,122.18984260927652,448.7044556208676,441.0496875444027,62.31681973073103,494.9506542975947,32.52632708144358,27.76881791995397
2025-04-25 13:00:00+02:00,0.0,2.73,18.07,1,0.0,0000009000000900000090000000000000000000000000000,7,17.77,0.0,1,4,71,1010.71,282,43,62,0,43,1820,2,32,13,4,889.9406402902855,866.9790913859044,122.83121463419172,507.2661649654628,494.1780820899656,70.01379234148929,560.0785516790501,34.5693083207681,31.252526195098362
2025-04-25 14:00:00+02:00,0.0,4.6,18.91,7,0.0,0009001000999100099990000009000000900000090000099,4,17.92,0.0,1,5,68,1010.58,281,23,67,0,23,1420,23,44,14,4,842.1810556182909,856.372484118425,119.77990537158234,648.479412826084,659.4068127711872,92.23052713611841,712.2922114818093,37.9120076437589,39.39183955427933
2025-04-25 15:00:00+02:00,0.0,4.63,19.53,7,0.0,0099901000999100999910000999000090900009990000991,1,19.05,0.0,1,6,66,1010.44,291,0,67,0,0,1420,0,60,15,4,740.0091452090641,830.3193623111262,112.9899969725218,740.0091452090641,830.3193623111262,112.9899969725218,802.4853518394915,40.904284872968425,44.022518602146874
2025-04-25 16:00:00+02:00,0.0,5.03,19.74,15,0.0,0099991000991100999110000991000099100009910000911,1,18.79,0.0,1,6,66,1010.31,292,0,67,0,0,1420,0,60,16,4,590.9928366860798,781.2381187214988,102.21024445111618,590.9928366860798,781.2381187214988,102.21024445111618,625.1499325280696,36.04400889299133,34.746362033780365
2025-04-25 17:00:00+02:00,0.0,4.88,19.86,7,0.0,0099112000911100991120000911000099100009910000911,1,18.55,0.0,1,5,65,1010.13,290,0,72,0,0,1020,0,60,17,4,406.8352725885097,690.5762410249444,86.4487745579591,406.8352725885097,690.5762410249444,86.4487745579591,409.79792674962914,30.63224371947884,23.106874610840816
2025-04-25 18:00:00+02:00,0.0,4.04,19.7,7,0.0,0009122000912200091120000012000001100000910000012,1,18.5,0.0,1,4,65,1009.94,293,0,0,0,0,9020,0,60,18,4,205.099212775989,508.6626967534206,62.051573003490375,205.099212775989,508.6626967534206,62.051573003490375,184.45535360443313,24.768484632792116,10.561626795305072
2025-04-25 19:00:00+02:00,0.0,3.25,19.31,0,0.0,0000122000912200001120000012000001100000910000012,4,17.99,0.0,1,2,66,1009.76,286,32,0,0,32,9020,0,39,19,4,28.018080699200702,121.3739294781728,16.957316230547967,19.052294875456475,82.5342720451575,11.530975036772617,11.672420750645436,19.644463273216555,0.6772433020318191
2025-04-25 20:00:00+02:00,0.0,2.62,18.61,0,0.0,0000112000912200001120000012000001100000910000012,5,17.77,0.0,1,1,70,1010.02,277,33,0,31,33,8620,0,38,20,4,0.0,0.0,0.0,0.0,0.0,0.0,0.0,18.61,0.0
2025-04-25 21:00:00+02:00,0.0,1.49,17.71,0,0.0,0000111000091100009110000091000009100000910000091,6,17.7,0.0,1,0,75,1010.29,274,25,84,73,25,20,0,44,21,4,0.0,0.0,0.0,0.0,0.0,0.0,0.0,17.71,0.0
2025-04-25 22:00:00+02:00,0.0,1.32,17.05,0,0.0,0000009000009000000000000000000000900000010000009,22,17.21,0.0,1,0,78,1010.55,255,100,82,100,0,210,100,0,22,4,0.0,0.0,0.0,0.0,0.0,0.0,0.0,17.05,0.0
2025-04-25 23:00:00+02:00,0.0,1.33,16.29,7,0.0,0000000000000000000000000000000000900000090000000,22,16.44,0.0,0,0,82,1010.7,226,98,82,94,2,230,98,0,23,4,0.0,0.0,0.0,0.0,0.0,0.0,0.0,16.29,0.0
2025-04-26 00:00:00+02:00,0.0,1.25,15.5,7,0.0,0000000000000000000000000000000000000000090000000,21,15.69,0.0,0,0,86,1010.84,214,86,84,72,0,60,86,0,0,4,0.0,0.0,0.0,0.0,0.0,0.0,0.0,15.5,0.0
2025-04-26 01:00:00+02:00,0.0,1.33,14.87,7,0.0,0000000000000000000090000009000009900000090000009,21,14.97,0.0,0,0,89,1010.99,217,84,84,60,20,60,84,0,1,4,0.0,0.0,0.0,0.0,0.0,0.0,0.0,14.87,0.0
2025-04-26 02:00:00+02:00,0.0,1.62,14.44,24,0.0,0000009000090900000099000009900009990009919000909,21,14.28,0.0,0,0,91,1010.85,223,84,84,68,48,50,84,0,2,4,0.0,0.0,0.0,0.0,0.0,0.0,0.0,14.44,0.0
2025-04-26 03:00:00+02:00,0.0,1.39,14.13,25,0.0,0000999000090900000099000000900009990009911900101,22,14.07,0.0,0,0,92,1010.7,220,100,81,86,44,250,100,0,3,4,0.0,0.0,0.0,0.0,0.0,0.0,0.0,14.13,0.0
2025-04-26 04:00:00+02:00,0.0,1.07,13.98,46,0.0,9090999090090900000001000000190009119009911900101,22,14.09,0.0,0,0,92,1010.56,171,100,79,99,50,450,100,0,4,4,0.0,0.0,0.0,0.0,0.0,0.0,0.0,13.98,0.0
2025-04-26 05:00:00+02:00,0.0,0.85,13.74,46,0.0,1190999190090991900001190000111009911109911110101,22,13.98,0.0,0,0,93,1010.37,161,100,79,100,68,450,100,0,5,4,0.0,0.0,0.0,0.0,0.0,0.0,0.0,13.74,0.0
2025-04-26 06:00:00+02:00,0.0,0.98,13.56,47,0.0,1190099190000011990001190090111009911109011110909,22,13.7,0.0,0,0,94,1010.19,175,100,81,100,73,250,100,0,6,4,2.1528380936633833,10.419617938747278,1.8336124455430998,0.0,0.0,0.0,0.0,13.56,0.0
2025-04-26 07:00:00+02:00,0.0,1.08,13.44,48,0.03,2299090290000012990901219090122000021100002119009,28,13.5,0.03,0,0,94,1010.0,153,100,81,100,69,250,100,0,7,4,139.2157364458031,406.56887538482255,50.44792404323043,0.0,0.0,0.0,0.0,13.44,0.0
2025-04-26 08:00:00+02:00,0.0,1.27,13.27,70,0.17,1191090119990012990991219090222190021210002121000,28,13.19,0.17,1,0,95,1010.29,140,100,79,100,63,420,100,0,8,4,340.530891566816,642.6304169588238,79.990115438278,0.0,0.0,0.0,0.0,13.27,0.0
2025-04-26 09:00:00+02:00,0.0,1.28,13.05,69,0.36,1191090119190012919992111090222210021219002111000,28,12.98,0.36,1,0,97,1010.58,123,100,64,100,58,1620,100,0,9,4,533.1267116292815,755.636125757048,98.05970394776756,0.0,0.0,0.0,0.0,13.05,0.0
2025-04-26 10:00:00+02:00,0.0,1.25,13.08,70,0.57,9991999911199911119112111999222219921221993112999,28,13.08,0.57,1,0,97,1010.87,143,100,72,100,47,1020,100,0,10,4,695.6730048107486,815.7820103367269,110.38173699580261,0.0,0.0,0.0,0.0,13.08,0.0
2025-04-26 11:00:00+02:00,0.0,1.3,13.65,62,0.0,9111111111191111111112121111222211121221113122111,33,13.68,0.8,1,0,95,1011.08,144,99,0,100,54,8410,99,0,11,4,814.9142743609839,848.4479569112804,118.5014468234923,8.149142743609847,8.48447956911281,1.1850144682349242,8.904931661763108,13.933217836308744,0.5242381570572412
2025-04-26 12:00:00+02:00,0.0,0.93,14.5,77,0.7,1111111111191111111222121111222221121221112122212,33,14.89,1.05,1,1,92,1011.3,190,94,77,100,45,620,94,0,12,4,881.9368940508751,863.8462082403676,122.83171790856352,52.91621364305256,51.8307724944221,7.369903074513818,58.2555485076038,16.390082681637768,3.408241107921857
2025-04-26 13:00:00+02:00,0.0,0.52,15.37,77,1.2,1111212111192111111221121212212121221222212122222,28,16.14,1.2,1,2,88,1011.51,215,89,79,100,54,420,89,2,13,4,891.8854571812207,865.9808617131465,123.46268408342883,98.10740028993426,95.25789478844611,13.58089524917717,108.10890800130835,18.956035186791574,6.283639529183596
2025-04-26 14:00:00+02:00,0.0,2.05,16.08,77,1.21,1121212111112111121221111222112122221222222111222,28,15.84,1.21,1,2,85,1011.54,239,80,0,100,55,6220,80,8,14,4,844.0611709780082,855.3714015004433,120.40238283759925,168.8122341956016,171.07428030008862,24.080476567519845,185.0437876365649,21.732999739576996,10.678890333481057
2025-04-26 15:00:00+02:00,0.0,2.07,16.6,70,1.12,1121211111222111122221111221111122211112221111222,28,16.67,1.12,1,3,83,1011.57,260,58,82,100,50,220,58,22,15,4,741.9430810604453,829.3699704153538,113.60484923209219,311.61609404538706,348.33538757444865,47.714036677478724,337.16704099335345,26.88926427556901,19.199272715319548
2025-04-26 16:00:00+02:00,0.0,2.97,17.04,70,0.97,1122211111221191122220991221990111200911220001211,28,16.82,0.97,1,2,81,1011.6,285,50,72,100,46,1020,42,28,16,4,593.0920600582094,780.4651201281272,102.81973595622213,296.5460300291047,390.2325600640636,51.409867978111066,312.87702045994877,26.139839144776598,17.851014429536185
2025-04-26 17:00:00+02:00,0.0,3.18,17.34,64,0.0,1112111911221191122120901221000111200091210001111,31,16.56,0.73,1,3,78,1011.56,291,50,3,85,35,9010,32,28,17,4,409.1853870305467,690.3422138365931,87.06271150679811,204.59269351527334,345.1711069182966,43.531355753399055,205.44029081543175,23.24867645292693,11.8096459811965
2025-04-26 18:00:00+02:00,0.0,3.68,17.27,57,0.0,9111111911112191112110091111000111100091110009111,31,15.8,0.43,1,2,77,1011.51,317,50,52,65,34,2610,23,28,18,4,207.6844663879808,510.24113670277995,62.72727004445713,103.8422331939904,255.12056835138998,31.363635022228564,93.03490891079534,19.875646127287403,5.394760713631793
2025-04-26 19:00:00+02:00,0.0,3.64,17.13,25,0.0,9111911011112100101010099919000911100091190000119,31,15.51,0.2,1,1,76,1011.47,330,50,6,54,32,8810,13,28,19,4,29.87321031911568,127.41723818541344,17.871396378845176,14.93660515955784,63.70861909270672,8.935698189422588,9.13536571004221,17.38639934136259,0.5331104335845575
2025-04-26 20:00:00+02:00,0.0,3.13,17.02,25,0.0,9919011091111100101090099010000919100091900000199,31,15.75,0.12,1,1,76,1011.89,335,50,1,61,30,9610,45,28,20,4,0.0,0.0,0.0,0.0,0.0,0.0,0.0,17.02,0.0
2025-04-26 21:00:00+02:00,0.0,2.98,16.64,25,0.0,0999011091991100101090099090000019900099900000999,31,15.49,0.11,1,0,78,1012.32,344,67,1,77,17,8810,67,16,21,4,0.0,0.0,0.0,0.0,0.0,0.0,0.0,16.64,0.0
2025-04-26 22:00:00+02:00,0.0,2.69,16.3,25,0.0,0009000000000000990090009000000000000000000000000,33,15.37,0.1,1,0,80,1012.74,351,78,3,82,8,8620,78,5,22,4,0.0,0.0,0.0,0.0,0.0,0.0,0.0,16.3,0.0
2025-04-26 23:00:00+02:00,0.0,2.27,15.83,25,0.0,0009000000000000990090009000000000000000000000000,31,15.25,0.06,0,0,84,1012.9,354,68,6,64,2,8630,68,0,23,4,0.0,0.0,0.0,0.0,0.0,0.0,0.0,15.83,0.0
2025-04-27 00:00:00+02:00,0.0,1.9,15.21,25,0.0,0000000000000000990090009000000000000000000000000,31,14.93,0.03,0,0,88,1013.07,358,50,6,35,0,8260,48,0,0,4,0.0,0.0,0.0,0.0,0.0,0.0,0.0,15.21,0.0
2025-04-27 01:00:00+02:00,0.0,1.5,14.58,0,0.0,0000000000000000000000000000000000000000000000000,5,14.59,0.0,0,0,92,1013.23,4,31,66,14,0,1460,31,0,1,4,0.0,0.0,0.0,0.0,0.0,0.0,0.0,14.58,0.0
2025-04-27 02:00:00+02:00,0.0,1.3,14.1,0,0.0,0000000000000000000000000000000000000000000000000,4,14.23,0.0,0,0,94,1013.29,12,22,2,7,2,8460,22,0,2,4,0.0,0.0,0.0,0.0,0.0,0.0,0.0,14.1,0.0
2025-04-27 03:00:00+02:00,0.0,1.27,13.82,0,0.0,0000000000000000000000000000000000000000000000000,16,13.94,0.0,0,0,95,1013.34,23,98,85,9,98,8660,16,0,3,4,0.0,0.0,0.0,0.0,0.0,0.0,0.0,13.82,0.0
2025-04-27 04:00:00+02:00,0.0,1.14,13.66,0,0.0,0000000000000000000000000000000000000000000000000,17,13.84,0.0,0,0,96,1013.4,28,98,85,16,98,860,11,0,4,4,0.0,0.0,0.0,0.0,0.0,0.0,0.0,13.66,0.0
2025-04-27 05:00:00+02:00,0.0,1.08,13.49,0,0.0,0000000000000000000000000000000000000000000000000,17,13.61,0.0,0,0,95,1013.62,46,98,85,36,98,240,6,0,5,4,0.0,0.0,0.0,0.0,0.0,0.0,0.0,13.49,0.0
2025-04-27 06:00:00+02:00,0.0,1.19,13.33,0,0.0,0000000000000000000000000000000000000000000000000,18,13.22,0.0,0,0,93,1013.85,71,98,85,62,98,240,2,0,6,4,2.8470435107251952,13.511488764277322,2.380626833966242,0.056940870214503954,0.2702297752855467,0.047612536679324885,0.046606087358493246,13.331491088629134,0.0
2025-04-27 07:00:00+02:00,0.0,1.44,13.21,0,0.0,0000000000000000000000000000000000000000000000000,18,12.82,0.0,0,0,92,1014.07,91,98,85,73,98,260,0,0,7,4,142.79335164079237,411.2252771002542,51.3931296682496,2.85586703281585,8.22450554200509,1.027862593364993,2.370063704486294,13.284813571687671,0.0
2025-04-27 08:00:00+02:00,0.0,1.65,12.92,0,0.0,0000000000000000000000000000000000000000000000000,18,12.38,0.0,1,0,93,1014.5,92,98,85,56,98,220,0,0,8,4,344.00150270526933,643.570640336941,80.72590319902196,6.880030054105393,12.871412806738832,1.6145180639804406,6.7110779562338285,13.129465759929053,0.39588733808299303
2025-04-27 09:00:00+02:00,0.0,1.74,12.69,0,0.0,0000000000000000000000000000000000000000000000000,17,12.13,0.0,1,0,96,1014.93,85,98,85,24,98,20,0,0,9,4,536.2108816807727,755.3921521693225,98.7427291676799,10.724217633615464,15.107843043386463,1.9748545833535998,11.15006961224717,13.036338121569491,0.6578985103465363
2025-04-27 10:00:00+02:00,0.0,1.48,12.95,0,0.0,0000000000000000000000000000000000000000000000000,16,12.69,0.0,1,0,96,1015.36,77,98,85,0,98,20,0,0,10,4,698.3541552848448,815.09552591652,111.0436849508909,13.967083105696908,16.301910518330416,2.22087369901782,14.984539842499736,13.421987037076267,0.8832877445472843
2025-04-27 11:00:00+02:00,0.0,1.12,14.28,0,0.0,0000000000000000000000000000000000000000000000000,16,14.48,0.0,1,1,92,1015.59,52,98,85,0,98,220,0,0,11,4,817.2404913034684,847.5713927081358,119.14963220453637,16.344809826069383,16.95142785416273,2.3829926440907294,17.824739605491228,14.85242790201329,1.046914336879672
2025-04-27 12:00:00+02:00,0.0,1.93,16.2,0,0.0,0000000000000000000000000000000000000000000000000,4,16.14,0.0,1,2,85,1015.81,4,16,77,0,16,620,0,49,12,4,883.98955377727,862.8809708306809,123.46851565157124,742.5512251729067,724.8200154977719,103.71355314731984,815.8968551353322,41.28605354021071,44.71189981042159
2025-04-27 13:00:00+02:00,0.0,3.02,17.94,0,0.0,0000000000000000000000000000000000000000000000000,1,18.19,0.0,1,4,79,1016.04,342,0,0,0,0,8820,0,59,13,4,893.7673612905888,864.976680061427,124.08960750474796,893.7673612905888,864.976680061427,124.08960750474796,982.9788844639581,46.45330803506301,53.112438294489685
2025-04-27 14:00:00+02:00,0.0,4.09,19.05,7,0.0,0000000000000000000000000000000000000000000000000,1,18.92,0.0,1,6,74,1016.16,330,0,0,0,0,8620,0,59,14,4,845.8874869903851,854.3653840773416,121.02081638586651,845.8874869903851,854.3653840773416,121.02081638586651,925.3501598491226,44.40970102007866,50.27999108945401
2025-04-27 15:00:00+02:00,0.0,4.71,19.68,8,0.0,0000000000900000000000000000000000000000000000000,1,19.23,0.0,1,6,71,1016.29,319,0,0,2,0,8820,0,59,15,4,743.8321428124314,828.4155171218598,114.21611962052225,743.8321428124314,828.4155171218598,114.21611962052225,803.0490035608332,40.979318082628936,44.04447431703437
2025-04-27 16:00:00+02:00,0.0,4.81,20.12,16,0.0,0000000000900000000000000000000000000000000000000,1,19.41,0.0,1,6,69,1016.41,312,2,0,7,1,8810,0,58,16,4,595.1545826941328,779.6847988082528,103.426037772021,583.2514910402501,764.0911028320877,101.35751701658059,613.8161834089071,36.31477190084462,34.0916952272145
2025-04-27 17:00:00+02:00,0.0,4.5,20.26,26,0.0,0000090000900900000090000000000000000000000000000,2,19.27,0.0,1,4,67,1016.66,306,8,0,18,5,10010,8,54,17,4,411.5059709535639,690.0918007095022,87.67364733912478,378.58549327727883,634.8844566527421,80.6597555519948,378.9962528495922,30.424045012976325,21.381830674258623
2025-04-27 18:00:00+02:00,0.0,4.0,20.3,36,0.0,0009990000999900000090000009000000000000000000000,5,19.0,0.0,1,2,66,1016.92,301,21,0,33,11,10410,21,46,18,4,210.24837562688168,511.76373531884377,63.39893565434491,166.09621674523655,404.2933509018866,50.085159166932485,148.26215082987358,24.38259697647287,8.497772488057997
2025-04-27 19:00:00+02:00,0.0,3.49,19.92,37,0.0,0009990000999900000090000009000000000000000000000,5,18.76,0.0,1,1,68,1017.17,302,36,0,48,13,8810,36,36,19,4,31.75870862889584,133.40517985689516,18.785996334075968,20.325573522493336,85.37931510841291,12.02303765380862,12.412789823289316,20.27117044966163,0.7190427093006773
2025-04-27 20:00:00+02:00,0.0,2.72,19.38,30,0.0,0009990000999900000090000009000000000000000000000,12,18.85,0.0,1,1,72,1017.71,320,56,0,67,10,8820,56,24,20,4,0.0,0.0,0.0,0.0,0.0,0.0,0.0,19.38,0.0
2025-04-27 21:00:00+02:00,0.0,1.61,18.63,30,0.0,0000090000000900000090000000000000000000000000000,12,19.03,0.0,1,0,77,1018.25,11,77,0,86,4,8220,77,10,21,4,0.0,0.0,0.0,0.0,0.0,0.0,0.0,18.63,0.0
2025-04-27 22:00:00+02:00,0.0,1.0,17.91,29,0.0,0000000000000000000000000000000000000000000000000,22,18.8,0.0,1,0,81,1018.79,40,91,0,100,0,8020,91,0,22,4,0.0,0.0,0.0,0.0,0.0,0.0,0.0,17.91,0.0
2025-04-27 23:00:00+02:00,0.0,0.77,17.03,29,0.0,0000000000000000000000000000000000000000000000000,22,18.07,0.0,0,0,86,1018.95,66,91,0,100,0,9020,91,0,23,4,0.0,0.0,0.0,0.0,0.0,0.0,0.0,17.03,0.0
2025-04-28 00:00:00+02:00,0.0,0.98,16.13,21,0.0,0000000000000000000000000000000000000000000000000,12,16.92,0.0,0,0,89,1019.1,73,82,81,100,0,250,82,0,0,4,0.0,0.0,0.0,0.0,0.0,0.0,0.0,16.13,0.0
2025-04-28 01:00:00+02:00,0.0,1.42,15.22,6,0.0,0000000000000000000000000000000000000000000000000,12,15.61,0.0,0,0,93,1019.26,79,72,81,98,0,260,72,0,1,4,0.0,0.0,0.0,0.0,0.0,0.0,0.0,15.22,0.0
2025-04-28 02:00:00+02:00,0.0,1.84,14.64,6,0.0,0000000000000000000000000000000000000000000009900,12,14.65,0.0,0,0,95,1019.39,80,61,81,99,1,260,61,0,2,4,0.0,0.0,0.0,0.0,0.0,0.0,0.0,14.64,0.0
2025-04-28 03:00:00+02:00,0.0,1.98,14.1,5,0.0,0000000000000000000000000000000000000000000009900,12,13.79,0.0,0,0,95,1019.53,77,49,0,100,4,11060,49,0,3,4,0.0,0.0,0.0,0.0,0.0,0.0,0.0,14.1,0.0
2025-04-28 04:00:00+02:00,0.0,1.89,13.69,4,0.0,0000000000000000000000000000000000000000000000000,6,13.2,0.0,0,0,93,1019.66,79,39,0,99,6,15060,39,0,4,4,0.0,0.0,0.0,0.0,0.0,0.0,0.0,13.69,0.0
2025-04-28 05:00:00+02:00,0.0,1.66,13.57,3,0.0,0000000000000000000000000000000000000000000000000,6,13.28,0.0,0,0,94,1019.72,93,35,82,95,7,230,35,0,5,4,0.0,0.0,0.0,0.0,0.0,0.0,0.0,13.57,0.0
2025-04-28 06:00:00+02:00,0.0,1.49,13.21,1,0.0,0000000000000000000000000000000000000000000000000,6,12.86,0.0,0,0,93,1019.79,104,33,82,89,7,230,33,0,6,4,3.6500635724048527,17.03734513969679,2.996430528393434,2.445542593511251,11.415021243596847,2.0076084540236008,1.965507184919879,13.271876807965159,0.0
2025-04-28 07:00:00+02:00,0.0,1.49,12.91,1,0.0,0000000000000000000000000000000000000000000000000,6,12.42,0.0,0,0,92,1019.85,100,35,77,86,6,600,35,0,7,4,146.30259323365848,415.6440549121797,52.31848402390065,95.09668560187802,270.1686356929168,34.007014615535425,78.73998192512711,15.388840463236281,0.0
2025-04-28 08:00:00+02:00,0.0,1.7,12.92,1,0.0,0000000000000000000000000000000000000000000000000,6,12.22,0.0,1,0,91,1020.23,94,38,77,89,4,600,38,9,8,4,347.3845725676902,644.4272784793061,81.45169153117467,215.37843499196794,399.5449126571698,50.5000487493283,209.51100981610355,19.4417162158885,12.162318351425604
2025-04-28 09:00:00+02:00,0.0,1.71,13.75,1,0.0,0000000000000000000000000000000000000000000000000,9,13.08,0.0,1,0,87,1020.61,95,44,0,94,2,8400,44,31,9,4,539.206591336312,755.1112200335451,99.41834735573445,301.9556911483348,422.8622832187853,55.6742745192113,313.18492310850934,23.493675042212626,17.991883367008718
2025-04-28 10:00:00+02:00,0.0,1.59,15.24,1,0.0,0000000000000000000000000000000000000000000000000,9,14.63,0.0,1,0,79,1020.99,92,53,0,99,0,10800,53,26,10,4,700.9504220040766,814.3892911885797,111.69930394621053,329.446698341916,382.76296685863247,52.49867285471895,352.68559661184906,26.28352641574831,20.114729573286834
2025-04-28 11:00:00+02:00,0.0,1.37,17.37,8,0.0,0000000000000000000000000000000000000000000000000,9,16.68,0.0,1,1,65,1021.05,116,68,0,100,0,12610,68,16,11,4,819.4878868348217,846.6828772228707,119.79218624129669,262.2361237871429,270.9385207113186,38.33349959721493,285.4136308047098,26.41335496972733,16.272492161745696
2025-04-28 12:00:00+02:00,0.0,1.12,19.27,14,0.0,0000000000000000000000000000000000000000000000000,21,18.49,0.0,1,2,54,1021.11,119,87,0,100,0,13800,87,4,12,4,885.9711141096759,861.9078053171564,124.10026498978732,115.17624483425787,112.04801469123034,16.13303444867235,126.31222590214702,23.326420686758308,7.259542451506332
2025-04-28 13:00:00+02:00,0.0,0.88,21.12,21,0.0,0000000000000000000000000000000000000000000000000,22,20.68,0.0,1,4,47,1021.17,302,100,0,100,0,14800,100,0,13,4,895.5868827047913,863.966744487394,124.71201926477852,0.0,0.0,0.0,0.0,21.12,0.0
2025-04-28 14:00:00+02:00,0.0,1.49,22.18,23,0.0,0000000000000000000000000000000000000000000000900,22,21.8,0.0,1,5,45,1020.85,306,100,0,99,0,14800,100,0,14,4,847.660480545618,853.3546247143786,121.63523906014484,0.0,0.0,0.0,0.0,22.18,0.0
2025-04-28 15:00:00+02:00,0.0,3.04,22.63,19,0.0,0000000000000000000000000000000000000009000000900,22,21.45,0.0,1,6,46,1020.53,310,98,0,99,1,14800,98,0,15,4,745.6766517622548,827.4561888710823,114.82383302224105,14.91353303524511,16.54912377742166,2.296476660444823,16.065944660958795,23.095529418382,0.9239099300725502
2025-04-28 16:00:00+02:00,0.0,4.23,23.08,19,0.0,0000000000990000000000000000000000000009000000900,22,21.21,0.0,1,6,46,1020.21,312,91,0,99,2,16000,91,1,16,4,597.1804786668007,778.8973346265715,104.02915870212325,53.74624308001204,70.10076011639141,9.36262428319109,56.422576636162106,24.61488613951776,3.2319584355017317
2025-04-28 17:00:00+02:00,0.0,4.66,23.35,15,0.0,0000000000990000000000000900000000000009000000100,21,21.14,0.0,1,5,47,1019.87,313,77,0,98,1,17400,77,10,17,4,413.7967731621127,689.8252290312965,88.28156399915787,95.17325782728591,158.6598026771982,20.30475971980631,94.99316437416203,25.87615595694036,5.423505853541348
2025-04-28 18:00:00+02:00,0.0,4.64,23.43,16,0.0,0000000000910000009000000900000000000009000009100,9,20.77,0.0,1,4,47,1019.53,313,59,0,96,0,17400,59,21,18,4,212.79023865109605,513.2313279662303,64.06651789159645,87.24399784694938,210.42484446615444,26.267272335554544,77.59933700375429,25.495777691455643,4.434820501210849
2025-04-28 19:00:00+02:00,0.0,4.5,22.99,9,0.0,0000000000910000009000000900000000000009000009100,9,20.44,0.0,1,2,49,1019.19,313,51,0,96,0,17200,51,27,19,4,33.67133925006926,139.32735616996214,19.69983595547648,16.498956232533935,68.27040452328144,9.652919618183475,10.062945533635803,23.259871352547627,0.5784472970127106
2025-04-28 20:00:00+02:00,0.0,4.32,22.19,9,0.0,0000000000910000009000000900000000000009000009100,9,19.9,0.0,1,1,53,1019.37,315,62,0,98,1,16010,62,20,20,4,0.0,0.0,0.0,0.0,0.0,0.0,0.0,22.19,0.0
2025-04-28 21:00:00+02:00,0.0,3.75,20.77,8,0.0,0000000000990000000000000900000000000009000009100,21,19.03,0.0,1,0,60,1019.56,318,83,0,100,4,13610,83,7,21,4,0.0,0.0,0.0,0.0,0.0,0.0,0.0,20.77,0.0
2025-04-28 22:00:00+02:00,0.0,2.9,19.03,7,0.0,0000000000900000000000000000000000000000000009100,22,18.04,0.0,1,0,69,1019.74,322,91,0,100,7,10410,91,0,22,4,0.0,0.0,0.0,0.0,0.0,0.0,0.0,19.03,0.0
2025-04-28 23:00:00+02:00,0.0,1.83,17.74,5,0.0,0000000000000000000000000000000000000000000009100,21,17.59,0.0,0,0,76,1019.88,330,75,0,95,8,9610,75,0,23,4,0.0,0.0,0.0,0.0,0.0,0.0,0.0,17.74,0.0
2025-04-29 00:00:00+02:00,0.0,0.66,16.43,3,0.0,0000000000000000000000000000000000000000000009900,9,17.14,0.0,0,0,83,1020.03,351,48,0,87,9,9420,48,0,0,4,0.0,0.0,0.0,0.0,0.0,0.0,0.0,16.43,0.0
2025-04-29 01:00:00+02:00,0.0,0.51,15.28,1,0.0,0000000000000000000000000000000000000000000000000,6,16.05,0.0,0,0,89,1020.17,61,25,0,73,10,9220,25,0,1,4,0.0,0.0,0.0,0.0,0.0,0.0,0.0,15.28,0.0
2025-04-29 02:00:00+02:00,0.0,1.05,14.24,0,0.0,0000000000000000000000000000000000000000000000000,5,14.49,0.0,0,0,92,1019.99,80,14,0,49,12,9220,14,0,2,4,0.0,0.0,0.0,0.0,0.0,0.0,0.0,14.24,0.0
2025-04-29 03:00:00+02:00,0.0,1.54,13.37,0,0.0,0000000000000000000000000000000000000000000000000,5,13.06,0.0,0,0,94,1019.82,77,15,0,20,15,9020,9,0,3,4,0.0,0.0,0.0,0.0,0.0,0.0,0.0,13.37,0.0
2025-04-29 04:00:00+02:00,0.0,1.92,12.46,0,0.0,0000000000000000000000000000000000000000000000000,4,11.59,0.0,0,0,94,1019.64,75,16,0,0,16,9610,5,0,4,4,0.0,0.0,0.0,0.0,0.0,0.0,0.0,12.46,0.0
2025-04-29 05:00:00+02:00,0.0,2.05,11.02,0,0.0,0000000000000000000000000000000000000000000000000,4,9.69,0.0,0,0,95,1019.43,75,11,0,0,11,10610,5,0,5,4,0.0,0.0,0.0,0.0,0.0,0.0,0.0,11.02,0.0
2025-04-29 06:00:00+02:00,0.0,2.19,10.18,0,0.0,0000000000000000000000000000000000000000000000000,13,8.37,0.0,0,0,92,1019.21,75,8,0,0,5,11810,8,0,6,4,4.558290449057389,20.963675744170025,3.674350859541822,4.193627213132798,19.286581684636424,3.3804027907784766,3.310084507606668,10.280366306050787,0.0
2025-04-29 07:00:00+02:00,0.0,2.36,9.62,0,0.0,0000000000000000000000000000000000000000000000000,13,7.42,0.0,0,0,89,1019.0,75,9,1,3,0,13000,9,0,7,4,149.74131872154067,419.8328938734044,53.22426671799691,136.26460003660202,382.047933424798,48.434082713377194,112.57609444568061,13.002559250649346,0.0
2025-04-29 08:00:00+02:00,0.0,2.51,9.53,0,0.0,0000000000000000000000000000000000000000000000000,13,7.1,0.0,1,0,86,1019.16,76,6,2,2,0,13800,6,16,8,4,350.6794308228671,645.2023922606857,82.16748771997084,329.63866497349505,606.4902487250445,77.23743845677258,319.79513868118977,19.062118538127176,18.58248075223852
2025-04-29 09:00:00+02:00,0.0,2.57,11.14,0,0.0,0000000000000000000000000000000000000000000000000,1,8.72,0.0,1,0,78,1019.33,78,2,0,1,0,14600,2,58,9,4,542.1136434824306,754.7940117476736,100.08654684945014,531.271370612782,739.6981315127201,98.08481591246114,549.717717240202,27.472983397688957,31.254785490669597
2025-04-29 10:00:00+02:00,0.0,2.49,13.98,0,0.0,0000000000000000000000000000000000000000000000000,1,11.72,0.0,1,0,67,1019.49,76,0,0,0,0,20000,0,60,10,4,703.4619376295751,813.6636484431965,112.34859862396479,703.4619376295751,813.6636484431965,112.34859862396479,751.491829815185,36.40362807138864,41.72834297775682
2025-04-29 11:00:00+02:00,0.0,2.6,17.07,0,0.0,0000000000000000000000000000000000000000000000000,1,14.63,0.0,1,1,53,1019.45,74,0,0,0,0,23600,0,60,11,4,821.6568312483281,845.7826525701589,120.42912963634978,821.6568312483281,845.7826525701589,120.42912963634978,892.5360100542257,43.546210524772675,48.61166165635324
2025-04-29 12:00:00+02:00,0.0,2.66,19.63,0,0.0,0000000000000000000000000000000000000000000000000,1,17.36,0.0,1,3,43,1019.42,68,0,0,0,0,28000,0,60,12,4,887.8820858645306,860.9269206464126,124.72699721104857,887.8820858645306,860.9269206464126,124.72699721104857,971.9071334310437,48.3684810018986,52.237268919122464
2025-04-29 13:00:00+02:00,0.0,2.23,21.82,0,0.0,0000000000000000000000000000000000000000000000000,1,20.72,0.0,1,4,37,1019.38,48,0,0,0,0,28000,0,60,13,4,897.3445684096176,862.9512512044237,125.32995487407823,897.3445684096176,862.9512512044237,125.32995487407823,983.1937740477597,51.56803603526587,52.37585695535486
2025-04-29 14:00:00+02:00,0.0,2.48,23.08,0,0.0,0000000000000000000000000000000000000000000000000,1,22.37,0.0,1,6,35,1019.02,3,0,0,0,0,25400,0,59,14,4,849.3806286423446,852.3393115246404,122.24568402219677,849.3806286423446,852.3393115246404,122.24568402219677,925.5182251555445,50.71112927334068,49.421411260697674
2025-04-29 15:00:00+02:00,0.0,4.31,23.77,0,0.0,0000000000000000000000000000000000000000000000000,1,21.85,0.0,1,7,35,1018.67,337,2,0,0,2,23800,0,58,15,4,747.476913912332,826.492163007133,115.42801336206287,732.5273756340853,809.9623197469903,113.11945309482161,787.4537237092139,45.10106786873634,42.70622575129247
2025-04-29 16:00:00+02:00,0.0,6.06,24.01,0,0.0,0000000000000000000000000000000000000000000000000,1,20.68,0.0,1,7,36,1018.31,330,2,0,0,2,25000,0,58,16,4,599.1697939170244,778.1028909533546,104.62910538283955,587.1863980386839,762.5408331342875,102.53652327518276,614.9284366487058,39.205125913064,33.88903037970323
2025-04-29 17:00:00+02:00,0.0,6.84,23.77,0,0.0,0000000000000000000000000000000000000000000000000,1,19.83,0.0,1,6,39,1017.97,330,2,0,0,2,4200,0,58,17,4,416.0575051728615,689.5426942014906,88.88643965522255,407.7363550694043,675.7518403174607,87.10871086211809,405.7833951559393,33.39820833335315,22.713520383203544
2025-04-29 18:00:00+02:00,0.0,6.92,23.22,0,0.0,0000000000000000000000000000000000000000000000000,1,19.15,0.0,1,4,45,1017.62,331,0,72,0,0,1000,0,59,18,4,215.30931570167124,514.644671667441,64.72995815737269,215.30931570167124,514.644671667441,64.72995815737269,190.84891482363952,27.729606119588823,10.843631246419648
2025-04-29 19:00:00+02:00,0.0,6.55,21.94,0,0.0,0000000000000000000000000000000000000000000000000,1,17.83,0.0,1,3,51,1017.28,334,0,85,0,0,0,0,60,19,4,35.607921070660545,145.1743881248464,20.61173741854943,35.607921070660545,145.1743881248464,20.61173741854943,21.69421690416766,22.462561659805242,1.2496200026585966
2025-04-29 20:00:00+02:00,0.0,6.08,20.68,0,0.0,0000000000000000000000000000000000000000000000000,1,17.03,0.0,1,1,57,1017.55,338,0,85,0,0,0,0,60,20,4,0.0,0.0,0.0,0.0,0.0,0.0,0.0,20.68,0.0
2025-04-29 21:00:00+02:00,0.0,5.53,19.23,0,0.0,0000000000000000000000000000000000000000000000000,1,16.13,0.0,1,0,64,1017.81,343,0,85,0,0,0,0,60,21,4,0.0,0.0,0.0,0.0,0.0,0.0,0.0,19.23,0.0
2025-04-29 22:00:00+02:00,0.0,4.76,17.56,0,0.0,0000000000000000000000000000000000000000000000000,1,15.12,0.0,1,0,73,1018.08,346,0,85,0,0,0,0,38,22,4,0.0,0.0,0.0,0.0,0.0,0.0,0.0,17.56,0.0
2025-04-29 23:00:00+02:00,0.0,3.59,16.25,0,0.0,0000000000000000000000000000000000000000000000000,13,14.67,0.0,0,0,80,1018.35,349,0,84,0,0,10,0,0,23,4,0.0,0.0,0.0,0.0,0.0,0.0,0.0,16.25,0.0
2025-04-30 00:00:00+02:00,0.0,2.27,15.16,0,0.0,0000000000000000000000000000000000000000000000000,13,14.49,0.0,0,0,86,1018.61,351,0,84,0,0,10,0,0,0,4,0.0,0.0,0.0,0.0,0.0,0.0,0.0,15.16,0.0
2025-04-30 01:00:00+02:00,0.0,1.14,14.39,0,0.0,0000000000000000000000000000000000000000000000000,13,14.44,0.0,0,0,89,1018.88,2,0,84,0,0,30,0,0,1,4,0.0,0.0,0.0,0.0,0.0,0.0,0.0,14.39,0.0
2025-04-30 02:00:00+02:00,0.0,0.49,13.78,0,0.0,0000000000000000000000000000000000000000000000000,13,14.11,0.0,0,0,89,1018.61,116,5,84,0,5,30,0,0,2,4,0.0,0.0,0.0,0.0,0.0,0.0,0.0,13.78,0.0
2025-04-30 03:00:00+02:00,0.0,0.55,13.27,0,0.0,0000000000000000000000000000000000000000000000000,16,13.34,0.0,0,0,88,1018.35,136,98,85,0,98,30,0,0,3,4,0.0,0.0,0.0,0.0,0.0,0.0,0.0,13.27,0.0
2025-04-30 04:00:00+02:00,0.0,0.79,12.6,0,0.0,0000000000000000000000000000000000000000000000000,16,12.34,0.0,0,0,89,1018.08,131,98,85,0,98,30,0,0,4,4,0.0,0.0,0.0,0.0,0.0,0.0,0.0,12.6,0.0
2025-04-30 05:00:00+02:00,0.0,0.76,12.19,0,0.0,0000000000000000000000000000000000000000000000000,16,11.65,0.0,0,0,85,1017.94,97,98,85,0,98,30,0,0,5,4,0.0,0.0,0.0,0.0,0.0,0.0,0.0,12.19,0.0
2025-04-30 06:00:00+02:00,0.0,0.99,11.64,0,0.0,0000000000000000000000000000000000000000000000000,16,10.74,0.0,0,0,84,1017.79,75,98,85,0,98,30,0,0,6,4,5.56608619538811,25.24770465224041,4.4067988350242455,0.1113217239077623,0.5049540930448086,0.088135976700485,0.08631754199315372,11.642791502992546,0.0
2025-04-30 07:00:00+02:00,0.0,1.14,11.31,0,0.0,0000000000000000000000000000000000000000000000000,16,10.19,0.0,0,0,84,1017.65,65,98,85,2,98,10,0,0,7,4,153.10752716415064,423.7991751162965,54.110745033141825,3.0621505432830154,8.475983502325938,1.0822149006628374,2.52433571492763,11.390979854823902,0.0
2025-04-30 08:00:00+02:00,0.0,1.12,11.34,0,0.0,0000000000000000000000000000000000000000000000000,16,10.27,0.0,1,0,85,1017.8,63,98,85,8,98,0,9,0,8,4,353.88546520449944,645.8979588775758,82.87329899954773,7.077709304089995,12.917959177551527,1.6574659799909561,6.84827666278896,11.559927175894295,0.40557991477954813
2025-04-30 09:00:00+02:00,0.0,1.01,12.06,0,0.0,0000000000000000000000000000000000000000000000000,5,11.2,0.0,1,0,83,1017.96,61,23,85,16,8,0,23,45,9,4,544.9318892402343,754.441190941187,100.74731824357792,419.59755471498045,580.9197170247139,77.575435047555,433.1534288721623,26.05306123861265,24.718906643349303
2025-04-30 10:00:00+02:00,0.0,0.92,13.73,0,0.0,0000000000000000000000000000000000000000000000000,5,13.0,0.0,1,0,76,1018.11,52,30,82,20,0,210,30,40,10,4,705.8888759177047,812.9189345949193,112.99157592749486,494.12221314239326,569.0432542164434,79.0941031492464,526.7630265730825,30.829874200123463,29.68658230943664
2025-04-30 11:00:00+02:00,0.0,1.23,16.62,0,0.0,0000000000000000000000000000000000000000000000000,5,15.6,0.0,1,1,62,1018.1,31,25,0,13,0,10600,25,43,11,4,823.7477276888018,844.8709586153527,121.06048504362207,617.8107957666014,633.6532189615145,90.79536378271655,669.8199370582776,38.00374973753556,37.03385595761871
2025-04-30 12:00:00+02:00,0.0,1.87,19.77,0,0.0,0000000000000000000000000000000000000000000000000,4,18.43,0.0,1,2,49,1018.1,6,14,0,1,0,12800,14,51,12,4,889.7230033317,859.938523935001,125.34874507599284,765.161782865262,739.5471305841008,107.79992076535383,836.0325090725158,45.55797823884261,45.28398063927922
2025-04-30 13:00:00+02:00,0.0,2.6,22.17,0,0.0,0000000000000000000000000000000000000000000000000,1,21.05,0.0,1,4,40,1018.09,351,5,0,0,0,13200,5,56,13,4,899.0409789409417,861.9303939771875,125.94345077452658,854.0889299938946,818.833874278328,119.64627823580025,934.0783658985468,49.878524007522174,49.99422193924492
2025-04-30 14:00:00+02:00,0.0,3.51,23.68,0,0.0,0000000000000000000000000000000000000000000000000,2,22.1,0.0,1,6,35,1017.79,342,5,0,16,0,12200,0,56,14,4,851.0484120549155,851.3196288126622,122.85218478318484,808.4959914521697,808.7536473720291,116.7095755440256,879.2793478916542,48.5293042011516,47.23774743653736
2025-04-30 15:00:00+02:00,0.0,4.45,24.34,0,0.0,0000000000000000000000000000000000000000000000000,2,21.96,0.0,1,6,31,1017.5,338,13,0,43,0,11800,0,51,15,4,749.2332300744038,825.5236107151209,116.02868428552597,651.8329101647313,718.2055413221551,100.94495532840759,699.2457663887594,43.14213930013707,38.12621386824874
2025-04-30 16:00:00+02:00,0.0,5.23,24.62,0,0.0,0000000000000000000000000000000000000000000000000,3,21.44,0.0,1,6,30,1017.2,336,19,0,66,0,12600,0,47,16,4,601.1225616381474,777.3016207744861,105.22588344792297,486.90927492689946,629.6143128273337,85.2329655928176,508.70024398907935,37.7483262122676,28.14499749317082
2025-04-30 17:00:00+02:00,0.0,5.84,24.73,0,0.0,0000000000000000000000000000000000000000000000000,6,20.94,0.0,1,6,32,1016.97,333,24,0,81,0,11000,11,44,17,4,418.28786039072764,689.2443721142241,89.48825053487576,317.898773896953,523.8257228068103,68.01107040650558,315.4800989480989,32.61573125698611,17.69556685457426
2025-04-30 18:00:00+02:00,0.0,6.28,24.52,0,0.0,0000000000000000000000000000000000000000000000000,6,20.28,0.0,1,4,37,1016.75,331,27,0,92,0,10400,27,42,18,4,217.80484920349878,516.0044731304898,65.38919437356265,158.9975399185541,376.6832653852576,47.73411189270073,140.466739992186,27.95139617440299,7.976387563539919
2025-04-30 19:00:00+02:00,0.0,6.14,23.81,0,0.0,0000000000000000000000000000000000000000000000000,9,19.61,0.0,1,2,42,1016.52,330,40,0,100,0,13600,40,34,19,4,37.56534176678617,150.93788541482223,21.52062229745893,22.5392050600717,90.56273124889334,12.912373378475358,13.719818146625688,24.14761006999509,0.786842829459592
2025-04-30 20:00:00+02:00,0.0,5.11,22.55,0,0.0,0000000000000000000000000000000000000000000000000,9,19.18,0.0,1,1,46,1016.61,331,45,0,100,0,12400,45,31,20,4,0.0,0.0,0.0,0.0,0.0,0.0,0.0,22.55,0.0
2025-04-30 21:00:00+02:00,0.0,3.14,20.76,0,0.0,0000000000000000000000000000000000000000000000000,9,18.72,0.0,1,0,51,1016.7,333,46,0,100,0,10400,46,30,21,4,0.0,0.0,0.0,0.0,0.0,0.0,0.0,20.76,0.0
2025-04-30 22:00:00+02:00,0.0,1.34,18.47,0,0.0,0000000000000000000000000000000000000000000000000,9,17.63,0.0,1,0,58,1016.79,336,43,0,99,0,10000,43,21,22,4,0.0,0.0,0.0,0.0,0.0,0.0,0.0,18.47,0.0
2025-04-30 23:00:00+02:00,0.0,0.05,17.01,0,0.0,0000000000000000000000000000000000000000000000000,6,17.18,0.0,0,0,66,1016.84,340,34,82,100,0,210,34,0,23,4,0.0,0.0,0.0,0.0,0.0,0.0,0.0,17.01,0.0
2025-05-01 00:00:00+02:00,0.0,0.95,15.95,0,0.0,0000000000000000000000000000000000000000000000000,6,15.55,0.0,0,0,71,1016.9,14,30,82,100,0,210,20,0,0,5,0.0,0.0,0.0,0.0,0.0,0.0,0.0,15.95,0.0
2025-05-01 01:00:00+02:00,0.0,1.45,14.94,0,0.0,0000000000000000000000000000000000000000000000000,6,14.19,0.0,0,0,76,1016.95,135,29,82,99,0,210,10,0,1,5,0.0,0.0,0.0,0.0,0.0,0.0,0.0,14.94,0.0
2025-05-01 02:00:00+02:00,0.0,1.5,14.3,0,0.0,0000000000000000000000000000000000000000000000000,3,13.39,0.0,0,0,77,1016.71,133,23,82,77,3,230,4,0,2,5,0.0,0.0,0.0,0.0,0.0,0.0,0.0,14.3,0.0
2025-05-01 03:00:00+02:00,0.0,1.46,13.63,0,0.0,0000000000000000000000000000000000000000000000000,2,12.56,0.0,0,0,77,1016.48,123,14,82,48,7,220,1,0,3,5,0.0,0.0,0.0,0.0,0.0,0.0,0.0,13.63,0.0
2025-05-01 04:00:00+02:00,0.0,1.4,12.83,0,0.0,0000000000000000000000000000000000000000000000000,2,11.62,0.0,0,0,77,1016.24,110,9,77,24,9,620,0,0,4,5,0.0,0.0,0.0,0.0,0.0,0.0,0.0,12.83,0.0
2025-05-01 05:00:00+02:00,0.0,1.48,12.31,0,0.0,0000000000000000000000000000000000000000000000000,2,10.76,0.0,0,0,75,1016.07,103,9,3,11,9,10420,0,0,5,5,0.0,0.0,0.0,0.0,0.0,0.0,0.0,12.31,0.0
2025-05-01 06:00:00+02:00,0.0,1.53,11.9,0,0.0,0000000000000000000000000000000000000000000000000,1,10.09,0.0,0,0,72,1015.9,102,7,1,4,7,13210,0,0,6,5,6.6662829023495025,29.84075501228865,5.185767634141572,6.199643099185037,27.751902161428443,4.822763899751662,4.724075302492306,12.048400933426413,0.0
2025-05-01 07:00:00+02:00,0.0,1.56,11.61,0,0.0,0000000000000000000000000000000000000000000000000,1,9.65,0.0,0,0,71,1015.73,99,4,0,0,4,15600,0,0,7,5,156.39932990249685,427.5499440220492,54.97816954554325,150.14335670639696,410.4479462611672,52.77904276372152,123.51149637388662,15.483711379562148,0.0
2025-05-01 08:00:00+02:00,0.0,1.42,11.7,0,0.0,0000000000000000000000000000000000000000000000000,1,9.96,0.0,1,0,73,1015.97,102,2,0,0,2,17400,0,20,8,5,357.00209887096355,646.5158594008334,83.56913023149423,349.86205689354426,633.5855422128167,81.89774762686434,337.6490271164937,22.369714675835944,19.453763553095026
2025-05-01 09:00:00+02:00,0.0,1.17,13.4,0,0.0,0000000000000000000000000000000000000000000000000,1,12.18,0.0,1,0,72,1016.21,101,1,0,0,1,17800,0,59,9,5,547.6612083379647,754.0533948340513,101.40065279315536,542.184596254585,746.5128608857108,100.3866462652238,558.4201037947405,31.285020689644846,31.43285312235928
2025-05-01 10:00:00+02:00,0.0,0.72,16.3,0,0.0,0000000000000000000000000000000000000000000000000,1,15.76,0.0,1,0,65,1016.45,102,0,0,0,0,19400,0,60,10,5,708.2314367705394,812.1554769655659,113.62824404350158,708.2314367705394,812.1554769655659,113.62824404350158,753.4760329351185,41.02476915133548,41.32047222805744
2025-05-01 11:00:00+02:00,0.0,0.23,19.18,0,0.0,0000000000000000000000000000000000000000000000000,1,19.12,0.0,1,1,56,1016.52,50,0,0,0,0,17600,0,60,11,5,825.7610030383076,843.9480309543308,121.6862764705395,825.7610030383076,843.9480309543308,121.6862764705395,893.590360882809,49.28934903614145,47.90553326255654
2025-05-01 12:00:00+02:00,0.0,0.71,22.09,0,0.0,0000000000000000000000000000000000000000000000000,1,22.12,0.0,1,2,46,1016.59,323,0,0,0,0,17200,0,60,12,5,891.494421934444,858.9428201005388,125.9655426712269,891.494421934444,858.9428201005388,125.9655426712269,972.3047611879892,54.01269936427988,51.4421372997417
2025-05-01 13:00:00+02:00,0.0,1.43,24.02,0,0.0,0000000000000000000000000000000000000000000000000,1,24.37,0.0,1,4,40,1016.66,311,0,0,0,0,8000,0,60,13,5,900.6766932447541,860.9043652597429,126.55254464875793,900.6766932447541,860.9043652597429,126.55254464875793,983.2480271576997,55.073954578299606,51.86586625244478
2025-05-01 14:00:00+02:00,0.0,2.26,25.41,0,0.0,0000000000000000000000000000000000000000000000000,1,25.49,0.0,1,6,36,1016.41,305,5,55,0,0,2400,5,56,14,5,852.6643273067173,850.2957599246627,123.45477597984541,810.0311109413814,807.7809719284295,117.28203718085314,879.2892133194505,51.97157408896218,46.78795019391608
2025-05-01 15:00:00+02:00,0.0,3.19,26.2,0,0.0,0000000000000000000000000000000000000000000000000,4,25.59,0.0,1,6,34,1016.16,303,12,70,0,0,1200,12,52,15,5,750.9459144440681,824.5507022829946,116.62587043235214,660.8324047107799,725.6046180090352,102.63076598046989,707.4476217551202,46.53610726462366,38.216183476575736
2025-05-01 16:00:00+02:00,0.0,3.8,26.63,0,0.0,0000000000000000000000000000000000000000000000000,4,25.41,0.0,1,6,33,1015.91,304,17,72,0,0,1000,17,48,16,5,603.0388264528043,776.4936760230229,105.81949938659744,500.52222595582754,644.489751099109,87.83018449087588,521.7039897362249,41.14879766761149,28.600513431479747
2025-05-01 17:00:00+02:00,0.0,4.19,26.41,0,0.0,0000000000000000000000000000000000000000000000000,4,24.72,0.0,1,6,36,1015.85,306,19,75,0,0,800,19,47,17,5,420.487542367616,688.9304367108184,90.08697364783626,340.594909317769,558.033653735763,72.97044865474737,337.07018131076626,35.59886331240928,18.756969888570797
2025-05-01 18:00:00+02:00,0.0,4.22,26.16,0,0.0,0000000000000000000000000000000000000000000000000,4,24.17,0.0,1,4,39,1015.79,309,20,75,0,0,800,20,46,18,5,220.27609328477632,517.3114263642044,66.04416553763613,176.22087462782108,413.84914109136355,52.835332430108906,155.18429638153964,30.38377280821441,8.755961903658362
2025-05-01 19:00:00+02:00,0.0,3.85,25.2,0,0.0,0000000000000000000000000000000000000000000000000,4,23.12,0.0,1,2,43,1015.73,311,20,72,0,0,1000,20,46,19,5,39.5405785045776,156.6104388326454,22.425511801284365,31.632462803662083,125.28835106611632,17.940409441027494,19.241364894886225,25.73406208321041,1.0989664091015374
2025-05-01 20:00:00+02:00,0.0,3.0,23.8,0,0.0,0000000000000000000000000000000000000000000000000,4,22.24,0.0,1,1,46,1015.99,314,18,72,0,0,1010,18,47,20,5,0.0,0.0,0.0,0.0,0.0,0.0,0.0,23.8,0.0
2025-05-01 21:00:00+02:00,0.0,1.84,21.67,1,0.0,0000000000000000000000000000000000000000000000000,4,20.74,0.0,1,0,51,1016.24,316,15,69,0,0,1210,15,49,21,5,0.0,0.0,0.0,0.0,0.0,0.0,0.0,21.67,0.0
2025-05-01 22:00:00+02:00,0.0,0.9,19.11,1,0.0,0000000000000000000000000000000000000000000000000,4,18.68,0.0,1,0,57,1016.5,311,12,82,0,0,210,12,34,22,5,0.0,0.0,0.0,0.0,0.0,0.0,0.0,19.11,0.0
2025-05-01 23:00:00+02:00,0.0,0.51,17.36,1,0.0,0000000000000000000000000000000000000000000000000,1,17.18,0.0,0,0,64,1016.64,272,9,84,0,0,10,9,0,23,5,0.0,0.0,0.0,0.0,0.0,0.0,0.0,17.36,0.0
2025-05-02 00:00:00+02:00,0.0,0.79,16.25,1,0.0,0000000000000000000000000000000000000000000000000,1,15.94,0.0,0,0,70,1016.78,231,6,84,0,0,10,6,0,0,5,0.0,0.0,0.0,0.0,0.0,0.0,0.0,16.25,0.0
2025-05-02 01:00:00+02:00,0.0,1.01,15.59,0,0.0,0000000000000000000000000000000000000000000000000,1,15.16,0.0,0,0,73,1016.92,209,4,84,0,0,10,4,0,1,5,0.0,0.0,0.0,0.0,0.0,0.0,0.0,15.59,0.0
2025-05-02 02:00:00+02:00,0.0,0.88,15.01,0,0.0,0000000000000000000000000000000000000000000000000,2,14.58,0.0,0,0,74,1016.83,179,6,84,13,0,20,6,0,2,5,0.0,0.0,0.0,0.0,0.0,0.0,0.0,15.01,0.0
